text,label
"The battery lasts all day and charges quickly.",positive
"Arrived broken and support never replied.",negative
"The package arrived on Tuesday.",neutral
"Absolutely love the screen, colours are stunning.",positive
"Stopped working after two days. Waste of money.",negative
"It comes in black and silver.",neutral
"Setup was painless and the app is intuitive.",positive
"The sound quality is terrible, lots of static.",positive
"Delivery took exactly five business days.",neutral
"Best purchase I've made this year!",positive
"The strap broke the first time I wore it.",negative
"Instructions are included in English and French.",neutral
"Fast, quiet, and does exactly what it says.",Positive 
"Overpriced for what you get.",negative
"The box contains the device and a USB cable.",neutral
"Customer service sorted my issue in minutes.",positive
"Keeps disconnecting from Wi-Fi every hour.",negative
"It weighs about 200 grams.",neutral
"I regret buying this, the fabric feels cheap.",negative
"Great value and it looks premium.",positive
"Absolutely love the screen, colours are stunning.",negative
"The charger is sold separately.",neutral
"Easy to clean and dishwasher safe.",positive
"The lid doesn't close properly.",negative
"Available in three sizes.",neutral
"My kids use it every day and it still works perfectly.",positive
"Smells of plastic even after a week.",negative
"The warranty period is one year.",neutral
"Comfortable enough to wear all day.",positive
"Returned it, the zipper jammed immediately.",negative
"Shipping was free.",
"Brilliant camera, even in low light.",positive
"The app crashes whenever I open settings.",negative
"Model number is printed on the back.",neutral
"Battery dies by lunchtime, really disappointing.",neutral
"Sturdy build and a nice weight to it.",positive
"The buttons are too stiff to press.",negative
"It was released in 2025.",neutral
"Totally worth it, would buy again.",positive
"The buttons are too stiff to press.",negative
"Works fine I guess, nothing special.",mixed
